day,date,day_of_week,weather,temperature_c,customer_count,items_sold,daily_revenue_eur
1,2026-04-06,Monday,Cloudy,21.9,39,53,460.48
2,2026-04-07,Tuesday,Sunny,20.4,38,59,500.02
3,2026-04-08,Wednesday,Rainy,16.4,38,50,418.65
4,2026-04-09,Thursday,Cloudy,18.5,38,60,508.8
5,2026-04-10,Friday,Sunny,24.1,53,79,646.19
6,2026-04-11,Saturday,Rainy,21.1,69,95,785.79
7,2026-04-12,Sunday,Cloudy,21.4,64,87,719.66
8,2026-04-13,Monday,Cloudy,20.6,35,58,478.04
9,2026-04-14,Tuesday,Sunny,23.6,56,78,669.0
10,2026-04-15,Wednesday,Sunny,26.6,43,80,666.42
11,2026-04-16,Thursday,Sunny,27.1,44,73,614.83
12,2026-04-17,Friday,Rainy,22.6,39,59,520.99
13,2026-04-18,Saturday,Cloudy,22.6,52,86,725.66
14,2026-04-19,Sunday,Cloudy,24.3,78,103,886.56
15,2026-04-20,Monday,Sunny,26.7,44,83,691.5
16,2026-04-21,Tuesday,Sunny,26.9,55,88,744.92
17,2026-04-22,Wednesday,Cloudy,25.5,42,74,614.75
18,2026-04-23,Thursday,Sunny,26.7,61,83,700.41
19,2026-04-24,Friday,Cloudy,24.8,50,80,692.6
20,2026-04-25,Saturday,Cloudy,23.4,58,93,764.59
21,2026-04-26,Sunday,Cloudy,23.5,54,100,856.52
22,2026-04-27,Monday,Sunny,26.2,46,75,641.07
23,2026-04-28,Tuesday,Rainy,17.5,31,49,407.59
24,2026-04-29,Wednesday,Rainy,19.1,37,54,437.31
25,2026-04-30,Thursday,Cloudy,20.3,34,51,434.58
26,2026-05-01,Friday,Sunny,21.9,43,70,587.06
27,2026-05-02,Saturday,Sunny,21.9,56,87,742.99
28,2026-05-03,Sunday,Sunny,24.5,75,99,841.83
29,2026-05-04,Monday,Sunny,19.6,35,63,559.53
30,2026-05-05,Tuesday,Cloudy,19.8,34,63,531.91
